{"cameraMode":{"drawMode":0,"name":"Shaded","section":"Shading Mode"},"sceneLighting":true,"audioPlay":false,"sceneViewState":{"m_AlwaysRefresh":false,"showFog":false,"showSkybox":false,"showFlares":false,"showImageEffects":false,"showParticleSystems":false,"showVisualEffectGraphs":true,"m_FxEnabled":true},"in2DMode":false,"pivot":{"x":102.08888244628906,"y":11.843667984008789,"z":32.14380645751953},"rotation":{"x":0.11384303867816925,"y":0.23057855665683747,"z":-0.02717388980090618,"w":0.9659947156906128},"size":3.7192506790161135,"orthographic":false}